<?xml version="1.0" encoding="UTF-8" standalone="no"?>
<beans xmlns="http://www.springframework.org/schema/beans"
       xmlns:xsi="http://www.w3.org/2001/XMLSchema-instance"
       xmlns:mvc="http://www.springframework.org/schema/mvc"
       xsi:schemaLocation="http://www.springframework.org/schema/beans
			http://www.springframework.org/schema/beans/spring-beans.xsd
			http://www.springframework.org/schema/mvc
			http://www.springframework.org/schema/mvc/spring-mvc.xsd">
    <mvc:annotation-driven content-negotiation-manager="contentNegotiationManager">
        <mvc:message-converters>
            <bean class="org.springframework.http.converter.json.MappingJackson2HttpMessageConverter">
                <property name="objectMapper">
                    <bean class="com.wavemaker.runtime.WMObjectMapper"/>
                </property>
            </bean>
        </mvc:message-converters>
    </mvc:annotation-driven>
    <bean id="contentNegotiationManager"
          class="org.springframework.web.accept.ContentNegotiationManagerFactoryBean">
        <property name="favorPathExtension" value="false" />
    </bean>

    <import resource="classpath:springapp.xml"/>
    <import resource="project-prefabs.xml"/>
    <import resource="project-config.xml"/>
    <import resource="project-services.xml"/>
    <import resource="project-managers.xml"/>
    <import resource="project-security.xml"/>
    <import resource="project-spring.xml"/>
    <import resource="project-file-service.xml"/>
    <import resource="project-rest-service.xml"/>
    <bean class="org.springframework.web.servlet.handler.SimpleUrlHandlerMapping"
          id="urlMapping">
        <property name="mappings">
            <value>
                /**/*.json=agJSONController
                /**/*.download=agFileDownloadController
                /**/*.flashUploader=agFlashFileUploadController
                /**/*.upload=agFileUploadController
            </value>
        </property>
        <property name="alwaysUseFullPath" value="true"/>
    </bean>

    <!-- Set user.languague to english as Javascript ONLY handles US number formatting -->
    <bean id="systemPropertyInitializer" class="com.wavemaker.runtime.SystemPropertyInitiliazingBean">
        <property name="systemProperties">
            <map>
                <entry key="user.language" value="en"/>
                <entry key="com.mchange.v2.c3p0.management.ManagementCoordinator" value="com.mchange.v2.c3p0.management.NullManagementCoordinator"/>
            </map>
        </property>
    </bean>

    <bean id="cacheControlFilter" class="com.wavemaker.runtime.web.filter.CacheControlFilter"/>

    <bean id="AppHandlerExceptionResolver" class="com.wavemaker.runtime.data.exceptionresolver.ApplicationRestServiceExceptionResolver"/>

    <!--  <beans profile="cloud">-->
    <mvc:resources mapping="/wavemaker/**" location="/"
                   cache-period="31556926"/>
    <!-- </beans> -->
</beans>
